scenario,phi,K_base_b,K_base_basis,output_pct_gain,capital_pct_gain,gdp_b_gain,capital_b_gain,household_income_gain
Lower,0.02398479634247259,41891.281,structures + equipment (ex-IPP),0.12791891382652051,0.31979728456630124,37.47768337289398,133.9671791080389,139.63628633302977
Central,0.03693261896784643,37255.4725,midpoint,0.1969739678285143,0.4924349195712857,57.70943309439812,183.45895604127747,215.01678328160622
Upper,0.04988044159322027,32619.664,structures only,0.26602902183050814,0.6650725545762702,77.94118281590228,216.94443265899596,290.3972802301827
