cancelled_attribution_pct,phi_domar,phi_pct
0,0.047544379741245174,4.754
50,0.04871241066723272,4.871
100,0.04988044159322027,4.988
