cancelled_attribution_pct,phi_domar,phi_pct
0,0.047084259514263344,4.708
50,0.04825229044025089,4.825
100,0.04942032136623844,4.942
