pct_to_private,priv_num_b,fed_num_b
50,542.5866341884334,103.91589094993698
70,556.0599525527088,90.44257258566181
30,529.1133158241585,117.3892093142122
