phi_domar_headline,phi_domar_lower,phi_domar_upper
0.036607968944190564,0.02379561652214269,0.04942032136623844
