cancelled_attribution_pct,priv_num_b,priv_phi_pct
0,491.9507322357482,6.27
50,517.268683212091,6.59
100,542.5866341884334,6.92
