phi_domar_headline,phi_domar_lower,phi_domar_upper
0.036932618967846435,0.023984796342472598,0.04988044159322027
