year,phi_domar
2020,0.08771407272386259
2021,0.04162622389319569
2022,0.04101022411910066
2023,0.028007706547056428
2024,0.05104398068288597
